{
  
  "version": 1,
  "schema_version": 2,

  "id": "必填,只能填写英文字母,数字和英文句号",
  
  "title": "音乐标题",
  "artist": "音乐制作者",
  "artist_source": "音乐制作者的链接(如果没有请直接删掉这一行全部)",
  "illustrator": "背景图片制作者",
  "illustrator_source": "制作者的链接(如果没有请直接删掉这一行全部)",
  "charter": "谱师名字",
  
  "music": {
    "path": "music.mp3"
  },
  "music_preview": {
    "path": "preview.mp3"
  },
  "background": {
    "path": "background.jpg"
  },
  "charts": [
    {
      "type": "easy",
      "difficulty": 3,
      "path": "chart.easy.txt",
      "storyboard": {
        "path": "storyboard.json"
      }
    },
    {
      "type": "hard",
      "difficulty": 8,
      "path": "chart.hard.txt",
      "storyboard": {
        "path": "storyboard.json"
      }
    },
    {
      "type": "extreme",
      "difficulty": 13,
      "path": "chart.extreme.txt",
      "storyboard": {
        "path": "storyboard.json"
      }
    }
  ]
  
}